Customer_ID,Name,Gender,Age,Location
CUST0001,Andrea Walker,Male,19,East Lisabury
CUST0002,Scott Wilkinson,Female,33,Jamesville
CUST0003,Carlos Woods,Male,26,New Justinport
CUST0004,Melissa Richardson,Male,61,Pattersonhaven
CUST0005,Sandra Garrison,Male,55,Racheltown
CUST0006,Matthew Horn,Female,20,Martinshire
CUST0007,Amanda Ward,Male,23,Loriview
CUST0008,Brenda Farmer,Male,32,Dayfurt
CUST0009,Matthew Stevens,Male,53,New Christophermouth
CUST0010,Samantha Stewart,Male,63,Gonzalezhaven
CUST0011,Emily Perez,Female,32,Lindseymouth
CUST0012,Valerie Evans,Female,55,Phelpsmouth
CUST0013,Ms. Nancy Bailey,Female,18,Mooreland
CUST0014,Tammy Brooks,Male,62,Port Chelseaview
CUST0015,Jeremy King,Female,39,New Angela
CUST0016,Stacy Hurley,Female,27,Rachelmouth
CUST0017,Lisa Dennis,Male,39,South Michael
CUST0018,Pamela Brown,Male,23,Dwayneton
CUST0019,Amy Sanchez,Female,24,New Kathleen
CUST0020,Helen Brown,Female,40,Port Aaronland
CUST0021,Tammy Montgomery,Female,20,Stevenfurt
CUST0022,Ashley Moon,Female,52,Cruzland
CUST0023,Steven Martinez,Male,42,South Theresa
CUST0024,Clifford Tran,Male,53,Johnsonborough
CUST0025,Patrick Harris,Female,58,Edgarville
CUST0026,Marisa Jones,Female,54,New Lori
CUST0027,Angel Spence,Male,63,West Robert
CUST0028,Sarah Wright,Male,20,Crosbymouth
CUST0029,Leah Miller,Male,36,North Kennethfurt
CUST0030,Kathy Sweeney,Male,32,Huangburgh
CUST0031,Jennifer Grant,Male,42,Gonzalezstad
CUST0032,James Moon,Female,47,Stoutville
CUST0033,Christian Miller,Female,28,Deniseton
CUST0034,Michael Gonzales,Female,40,Mooremouth
CUST0035,Robert Rhodes,Male,60,Port Josephfort
CUST0036,Richard Hardy,Female,62,East Kimberlybury
CUST0037,Lisa Kim,Male,56,Hallville
CUST0038,Justin Hoffman,Male,52,Nelsonstad
CUST0039,Jacqueline Davis,Male,28,Christopherchester
CUST0040,Jason Miller,Female,42,Lake Lauren
CUST0041,Christina Jones,Female,58,North Chelsea
CUST0042,George Gonzalez,Male,61,Westberg
CUST0043,Wendy Abbott,Female,21,Johnsonview
CUST0044,Sherry Bean,Male,20,Johnsonland
CUST0045,Ronald Miles,Female,43,Lake Patricia
CUST0046,Amanda Mclaughlin,Female,22,Port Patricia
CUST0047,Robin Petty,Male,54,North Joshuafurt
CUST0048,Jonathan Ryan,Female,31,Mooreville
CUST0049,Chris Kim,Female,43,South Aprilton
CUST0050,Elizabeth Pratt,Female,27,Carolbury
CUST0051,Jessica Waters,Female,26,Ruthport
CUST0052,Matthew Kaufman,Male,65,Marcusside
CUST0053,Kevin Pineda,Female,65,Port Tiffanyshire
CUST0054,Keith Mcdaniel,Female,55,Aliciaville
CUST0055,John Walsh,Female,41,West Sylviastad
CUST0056,Donna Perez,Male,26,Karenhaven
CUST0057,Christina Turner,Female,23,Scottside
CUST0058,Stephen Moore,Male,25,Andersonborough
CUST0059,Michael Chase,Male,58,West Jonathanstad
CUST0060,Brett Gomez,Male,61,Deborahshire
CUST0061,Desiree Clay,Female,56,Harrisfort
CUST0062,Kevin Jarvis,Male,42,West Isaiah
CUST0063,Willie Goodman,Female,56,North Brandonstad
CUST0064,John Andrews,Female,51,Martinezhaven
CUST0065,Gail Watkins,Female,53,Sweeneyhaven
CUST0066,Kim Campbell,Male,61,West Melissa
CUST0067,Anna Harris,Male,61,South Stephen
CUST0068,Christina Chung,Female,59,Davidview
CUST0069,Alejandra Hall,Female,25,Port Nicholas
CUST0070,Jeffrey Kelley,Female,45,New Lorraineview
CUST0071,Jared Ashley,Male,47,Maryshire
CUST0072,Kristi Robinson,Male,64,Matthewschester
CUST0073,Jack Lamb,Female,50,Tylerstad
CUST0074,Elizabeth Brown,Male,50,South Jacob
CUST0075,Gina Martinez,Male,58,Wagnerberg
CUST0076,Matthew Rodgers,Female,58,Portershire
CUST0077,Susan Wilson,Male,27,Jeremybury
CUST0078,Kimberly Clay,Female,28,Sandovalfort
CUST0079,Charles Jones,Male,56,Port Megan
CUST0080,Barbara Santana,Female,49,West Anthony
CUST0081,Kelly Rodriguez,Male,25,New Brandymouth
CUST0082,Jeff Mays,Female,37,Lake Lisaville
CUST0083,Natalie Lowery,Male,21,Johnstad
CUST0084,Bradley Zhang,Male,54,West Johnfurt
CUST0085,Stephen Burns,Male,23,North Jefferyside
CUST0086,Tim Nolan,Female,22,Hardychester
CUST0087,Nicole Hardy,Male,26,North Anna
CUST0088,Kim Simon,Female,53,Lake Melissa
CUST0089,Kristina Burke,Male,34,Thomasmouth
CUST0090,Vanessa Leon,Female,31,Judithchester
CUST0091,Theresa Villarreal,Male,63,Williamside
CUST0092,Dr. Kenneth Jones,Female,43,Robertfort
CUST0093,Matthew Freeman,Female,46,Aliciaberg
CUST0094,Julie Miller,Female,25,Staceyport
CUST0095,Bruce Phillips,Male,32,Jonesland
CUST0096,Christine Stephenson,Male,39,Jessicaburgh
CUST0097,Tamara Crawford,Male,55,Flowersborough
CUST0098,James Duran,Male,55,East Jamesmouth
CUST0099,Abigail Chapman,Male,18,Chavezshire
CUST0100,Patricia Nelson,Male,63,Hartmanton
CUST0101,Leah Wilson,Male,32,Graymouth
CUST0102,Gregory Castro,Male,20,Paulaland
CUST0103,Harold Shaw,Female,22,Chaseside
CUST0104,Jonathan Bell,Male,35,Gailchester
CUST0105,Barbara Gordon,Female,31,Wilsonstad
CUST0106,Hannah Flores,Male,64,South Caitlinbury
CUST0107,Nicholas Arnold,Female,33,Allenberg
CUST0108,Carmen West,Female,44,New Ryan
CUST0109,Bryce Oconnor,Male,24,Markstad
CUST0110,Lisa Perkins,Male,60,East Chelseashire
CUST0111,Michelle Merritt,Female,40,Lake Makayla
CUST0112,Jennifer Smith,Female,44,South Rickhaven
CUST0113,Jennifer Thomas,Female,64,North Thomasshire
CUST0114,Dwayne Lopez,Male,61,South Ericaview
CUST0115,Caroline Singh,Male,21,Joneshaven
CUST0116,Mark Herrera,Female,64,East Lorettamouth
CUST0117,Nathan Cantu,Female,24,New Alexanderstad
CUST0118,Leslie Hurst,Male,30,South Angieberg
CUST0119,Erin Davila,Male,52,Lake Audrey
CUST0120,Robert Reynolds,Female,26,Amandaborough
CUST0121,Garrett Conley,Female,29,Danielmouth
CUST0122,Christina Franco,Female,47,East Pamelahaven
CUST0123,Christopher Wallace,Male,22,Smithberg
CUST0124,Juan Dean,Female,53,Lake Patrickfurt
CUST0125,Matthew Mosley,Male,21,Jenniferberg
CUST0126,Janice Pierce,Male,23,West Rodneybury
CUST0127,Richard Jacobs,Male,28,Lake Thomasmouth
CUST0128,Kyle Lee MD,Female,49,Westborough
CUST0129,Cynthia Ross,Female,31,Joshuafort
CUST0130,Antonio Miller,Female,21,New Alison
CUST0131,Tricia Morgan,Male,42,Lisaside
CUST0132,Katie Ponce,Male,42,Kimberlyborough
CUST0133,Megan Ellis,Female,47,South Mary
CUST0134,Dan Parks,Female,45,Cruzton
CUST0135,Randy Clark,Female,27,East Jackton
CUST0136,Ana Harrison,Male,36,Port Alexandrafort
CUST0137,Paula Harvey DDS,Male,21,Kellermouth
CUST0138,Crystal Powers,Male,65,North Jonathan
CUST0139,Tiffany Gay,Female,21,North Davidland
CUST0140,William Thompson,Male,55,Philipmouth
CUST0141,Christy Mitchell,Female,50,Richardshire
CUST0142,Kathryn Riggs,Male,21,East Jeremyshire
CUST0143,Briana Schneider,Male,29,South Penny
CUST0144,Alicia Williams,Male,56,Port Stephenville
CUST0145,Timothy Carson,Male,61,Harrischester
CUST0146,Patricia Kirby,Male,43,Crosbyberg
CUST0147,Jesse Dennis,Male,54,Angelachester
CUST0148,John Adams,Male,55,Fisherville
CUST0149,Tonya Cole,Male,57,Timothyview
CUST0150,Fernando Brown,Male,44,Odonnellchester
CUST0151,Paul Hammond,Female,34,South Nancystad
CUST0152,John Rich,Male,60,Johnburgh
CUST0153,Michael Brandt,Female,33,Wellsmouth
CUST0154,David Cummings,Female,43,North Chelsea
CUST0155,Donald Nelson,Male,60,Brandichester
CUST0156,Alejandro Duran,Female,47,Robertochester
CUST0157,Robert Stevens,Female,22,Jasonport
CUST0158,Kimberly Barnett,Male,47,West Kylebury
CUST0159,Amanda Parks,Male,22,East Timothy
CUST0160,Peter Hayes,Male,50,Thompsonland
CUST0161,Jamie Robles,Female,26,West Cynthiaport
CUST0162,Katherine Santana,Female,22,Karenborough
CUST0163,Cindy Stanley,Male,41,Stonemouth
CUST0164,Matthew Leon,Female,28,South Alanview
CUST0165,Lee Fletcher,Female,52,North Earl
CUST0166,Teresa Fisher,Female,57,Zimmermanmouth
CUST0167,Elizabeth Ramsey,Male,60,West Billyfurt
CUST0168,Ann Jackson,Female,60,Edwardland
CUST0169,Thomas Rangel,Male,26,North Anthony
CUST0170,Elizabeth Rivera,Female,25,Martinezberg
CUST0171,Carmen Williams,Male,65,New Malloryhaven
CUST0172,Belinda Murray,Male,35,New Josephmouth
CUST0173,Dylan Green,Female,56,Jamesfurt
CUST0174,Peter Leblanc,Male,63,Meadowsville
CUST0175,Michael Ramirez,Female,31,Boydburgh
CUST0176,Garrett Larson,Female,50,New Christinaberg
CUST0177,Christopher Garza,Female,34,West Kevinbury
CUST0178,Natasha Ryan,Male,23,New Jamesburgh
CUST0179,Craig Henderson,Female,35,Amberbury
CUST0180,Ms. Erin Walters,Male,18,Port Jennifer
CUST0181,Eric Gordon,Female,26,Mcconnelltown
CUST0182,Alex Glover,Female,28,East Susan
CUST0183,Sheryl Faulkner,Female,53,Jonestown
CUST0184,Mark Adams,Female,53,Stevenview
CUST0185,Rose Harmon,Male,25,Anthonyville
CUST0186,Stephen Yang,Male,62,Port Steven
CUST0187,Eddie Meyers,Male,52,Sarafort
CUST0188,Brenda Key,Male,41,Alexanderberg
CUST0189,Dr. Samuel Nguyen,Male,45,Stephaniefort
CUST0190,Christine Hobbs,Male,20,South Teresastad
CUST0191,Samuel Wood,Female,41,East Matthew
CUST0192,Laura Adams,Male,40,Brownfort
CUST0193,David Roberts,Male,61,Alexanderchester
CUST0194,Leslie Smith,Male,60,Port Donnachester
CUST0195,Beth Guerrero,Male,40,Christinehaven
CUST0196,Beth Smith,Female,57,Lake Noahchester
CUST0197,James Bailey,Male,33,Ellisonport
CUST0198,Charles Jones,Male,29,Sandovalport
CUST0199,Nancy Bartlett,Female,19,Pottshaven
CUST0200,Chelsea Howard,Male,65,South Kevinborough
CUST0201,Nicole Foster,Female,44,West Phylliston
CUST0202,Laura Fuller,Male,35,Garciabury
CUST0203,Emily Pope,Male,62,Lake John
CUST0204,Linda Orr,Male,42,Sheilashire
CUST0205,Richard Kim,Male,48,East William
CUST0206,Miranda Gonzalez,Male,30,Burkeland
CUST0207,Caitlin Foster,Female,40,Lake Dannyhaven
CUST0208,Cathy Diaz,Female,32,Kyleshire
CUST0209,Martin Pitts,Male,19,Kevinburgh
CUST0210,Casey Taylor,Male,43,South Rebecca
CUST0211,Victor Sullivan,Female,35,Port Tiffany
CUST0212,David Castro,Male,35,Port Tracymouth
CUST0213,Desiree Perez,Female,59,Port Scottfurt
CUST0214,Sandra Chavez,Female,61,Brucemouth
CUST0215,Jorge Clayton,Female,19,Port Emilyborough
CUST0216,Gregory Powell,Male,34,Lake Patriciaborough
CUST0217,Richard Smith,Male,55,West Tonyaburgh
CUST0218,Anthony Koch,Female,20,Tylerfort
CUST0219,Alyssa Watts,Male,56,New Johnberg
CUST0220,Stacy Bernard,Female,40,East Jennifer
CUST0221,Adam Ferguson,Female,45,Jamesview
CUST0222,Joshua Snyder,Male,42,East Sandrafurt
CUST0223,Cory Mendoza,Male,34,Simpsonport
CUST0224,Carrie Jackson,Male,63,North Jessicaville
CUST0225,Richard Webb,Female,18,North Sean
CUST0226,Diana Hall,Male,41,Danielview
CUST0227,Jonathan Vega,Female,22,Thomasmouth
CUST0228,David Preston,Female,57,Elizabethside
CUST0229,Kelsey Shelton,Female,60,Davieshaven
CUST0230,Evelyn Barker,Male,64,West Stephanieside
CUST0231,Steven Mitchell,Female,50,Michaelport
CUST0232,Amber Hill,Female,60,Port Trevor
CUST0233,Gregory Olson,Female,38,New Ricardotown
CUST0234,Christine Briggs,Female,62,Kayleeside
CUST0235,Whitney Vega,Female,53,Amandamouth
CUST0236,Megan Roy,Male,30,Gomezfurt
CUST0237,Alejandro Taylor,Female,60,East Laurenborough
CUST0238,Samantha Moore,Female,61,North Andrea
CUST0239,Robert Nichols,Male,57,East Cheryl
CUST0240,Jennifer Black,Female,43,South Kevinmouth
CUST0241,Claire Koch,Male,37,Thomaschester
CUST0242,Taylor Jones,Female,31,Andreashire
CUST0243,Pamela Montgomery,Female,55,Paulborough
CUST0244,Rebecca Zimmerman,Female,47,Lake Scott
CUST0245,Mrs. Nina Edwards,Female,46,East Lindaland
CUST0246,Daniel Fields,Male,50,Port Melindabury
CUST0247,Jason Sullivan,Female,65,Port Davidview
CUST0248,Deborah Robinson,Male,60,Scottville
CUST0249,Patricia Armstrong,Male,36,Port Melvinville
CUST0250,Catherine Wood,Female,23,Christineside
CUST0251,Lauren Ramirez,Male,61,East Michaelland
CUST0252,Justin Leonard,Female,32,New Alexandria
CUST0253,Kevin Bernard,Male,27,Garrettview
CUST0254,Jared Cochran,Male,20,Deannaside
CUST0255,Paul Carpenter MD,Male,48,Bakershire
CUST0256,Michelle Barrera,Male,47,Lake Wendyfort
CUST0257,Tracy Frank,Female,58,Boydshire
CUST0258,Chase Sanchez,Male,63,Lake Christopherview
CUST0259,Maria Schwartz,Female,49,Joshuaport
CUST0260,Michelle Richardson,Female,33,Markberg
CUST0261,Benjamin Fuller,Male,59,West Tina
CUST0262,Joseph Gordon,Male,24,Cowanburgh
CUST0263,Gina Ramirez,Female,32,Ronaldland
CUST0264,Justin Gallagher,Male,62,Lake Martin
CUST0265,Jennifer Oneal,Female,21,Murraymouth
CUST0266,Brent Young,Male,25,Lake Rickeyside
CUST0267,Kimberly Thomas,Female,26,Petersonborough
CUST0268,Michael Weaver,Female,60,North Dianechester
CUST0269,Daniel Lopez,Female,46,Curtismouth
CUST0270,Wayne Thompson,Female,53,New Catherineview
CUST0271,Adam Sanders,Female,28,Summersshire
CUST0272,Cassandra White,Female,46,Adrienneton
CUST0273,Kenneth Hall,Female,33,Erikville
CUST0274,Laura Combs,Female,51,Patrickstad
CUST0275,Caroline Lee,Female,58,Thomasville
CUST0276,Lindsey Miller,Male,35,New Chelseabury
CUST0277,Christina Fuentes,Female,22,Williamsonberg
CUST0278,Gina Liu,Female,33,North Katrina
CUST0279,Katherine Freeman,Female,39,New Josephfort
CUST0280,Mark Wilcox,Female,52,South Gary
CUST0281,Anita Washington,Male,26,West Cynthia
CUST0282,Mark Farrell,Male,32,Sheliamouth
CUST0283,Victoria Gonzalez,Female,62,Browntown
CUST0284,Yvonne Washington,Male,63,Courtneyborough
CUST0285,Ryan Romero,Male,22,Port Samuelstad
CUST0286,Larry Gutierrez,Female,44,Williamshaven
CUST0287,Steven Perkins,Female,52,Blairberg
CUST0288,Amber Brown,Female,44,Ashleyborough
CUST0289,Timothy Chambers,Male,31,West Holly
CUST0290,Martin Price,Female,42,Aaronland
CUST0291,Tyler Moss,Male,54,Hickmanville
CUST0292,Kristine Garrett,Female,48,Mannfort
CUST0293,Sarah Marshall,Male,40,Carterbury
CUST0294,William Price,Female,42,Gordonborough
CUST0295,Erika Villa,Female,52,Lamside
CUST0296,Tony Hickman,Male,49,Lake Rebeccaport
CUST0297,Francisco Porter,Male,35,South Tyler
CUST0298,Jared Turner,Female,49,Riosland
CUST0299,Anthony Esparza,Male,42,Cohenbury
CUST0300,Gabriella Lewis,Female,60,Williamsstad
CUST0301,William Munoz,Female,64,Matthewshire
CUST0302,Brandon Meyer,Male,47,Mckaymouth
CUST0303,David Cobb,Male,57,Jessicaberg
CUST0304,Danielle Smith,Male,43,East Desiree
CUST0305,Anthony Ray,Male,23,Jasonfurt
CUST0306,Austin Rasmussen,Female,26,Ebonystad
CUST0307,Johnny Orozco,Female,29,Joshuabury
CUST0308,Gerald Page,Male,34,New David
CUST0309,Michael Ross,Female,38,Lake Brian
CUST0310,Joseph Jordan,Male,47,Duncantown
CUST0311,Samuel Walton,Female,39,Port Sueshire
CUST0312,Joshua Guerrero,Female,35,New Gregory
CUST0313,Michael Eaton,Female,34,Kathleentown
CUST0314,Jay Bernard,Male,48,Lake Anthonytown
CUST0315,Benjamin Li,Male,65,Mitchellfurt
CUST0316,Mary James,Male,40,East Shannon
CUST0317,Julian Long,Male,59,Danielside
CUST0318,Lauren Clayton,Male,59,Hayeshaven
CUST0319,Brenda Greer DVM,Male,19,Lisaborough
CUST0320,Kenneth Hernandez,Male,30,East Kevin
CUST0321,Troy Santos,Male,57,Stevenville
CUST0322,Matthew Soto,Male,33,Millertown
CUST0323,Mark Mendez,Male,48,Lake John
CUST0324,Calvin Foster,Male,54,South Lydiabury
CUST0325,Ashley Ward,Male,47,New Sherry
CUST0326,Jay Williams,Female,41,Clayville
CUST0327,Alyssa Glenn,Male,56,South Emilyborough
CUST0328,Robert Soto,Male,28,South Johnmouth
CUST0329,Dr. Ashley Nelson MD,Female,24,Thompsonton
CUST0330,Alicia Evans,Male,37,West Adamton
CUST0331,Alisha Garcia,Female,43,Kimberlytown
CUST0332,Luis King,Male,22,Lucaston
CUST0333,Angela Davidson,Male,24,East Marvinburgh
CUST0334,Rebecca Ferguson,Female,61,Leonardshire
CUST0335,Brian Carson,Male,54,New Douglas
CUST0336,Connor Lopez,Male,40,East Brian
CUST0337,Peter Sanchez,Female,60,Heatherhaven
CUST0338,Robert Calhoun,Female,22,Port Jennifer
CUST0339,Angela Boone,Female,18,Smithfort
CUST0340,Latoya Chapman,Female,49,Nelsonmouth
CUST0341,Melissa Jenkins,Male,45,East Cathy
CUST0342,Denise Lucero,Female,58,Lake Paulbury
CUST0343,Angela Wilson,Female,63,East Robert
CUST0344,Monica Berry,Male,45,East Aaronstad
CUST0345,Carol Beck,Male,64,Lake Adrienneton
CUST0346,Cynthia Burton,Female,57,Port Theresaport
CUST0347,Larry Wolfe,Female,47,South Kevinville
CUST0348,Matthew Macdonald,Female,64,Thompsonchester
CUST0349,Jeffery Wilson,Female,38,New Jamieburgh
CUST0350,Jean Robinson,Male,23,Davidton
CUST0351,Stephen Gilbert,Female,46,East Shelly
CUST0352,Matthew Allen,Male,47,North Leslie
CUST0353,Andrew Bender,Female,39,East Ronald
CUST0354,Alex Thomas,Male,49,West Kimberlyton
CUST0355,Paul Bowers,Female,29,East Rebecca
CUST0356,Leslie Hernandez DDS,Female,31,Lake Catherineborough
CUST0357,Haley Durham,Female,34,Port David
CUST0358,Jonathon Rogers,Female,35,Warnerview
CUST0359,Daniel Scott,Female,53,Mcgeeland
CUST0360,Ashley Turner,Male,51,Martinezshire
CUST0361,David Armstrong,Male,23,Port Meaganbury
CUST0362,Cody Hendricks,Male,64,New Maria
CUST0363,Angela Lozano,Female,49,New Anna
CUST0364,Scott Allison,Male,62,East Lori
CUST0365,Aaron Hansen,Female,59,Lake Margarethaven
CUST0366,Allison Hernandez,Female,46,Danielborough
CUST0367,Scott Greene,Male,23,Lake Anthonyland
CUST0368,Christopher Jones,Female,32,Batestown
CUST0369,Jerry Hill,Female,62,Gregorystad
CUST0370,Dylan Ewing,Male,37,Nicholasfort
CUST0371,Holly Williams,Female,48,Lake Angelamouth
CUST0372,Hannah Shaw,Female,45,Jeffreychester
CUST0373,Scott Novak,Female,40,Lake Charles
CUST0374,Ethan Mcintyre,Female,35,Richmouth
CUST0375,Robert Mccormick,Female,34,South Meganberg
CUST0376,Pamela Murphy,Male,25,Cunninghamville
CUST0377,Andrew Fry,Male,38,Stoneberg
CUST0378,Kimberly Powers,Male,65,Cortezville
CUST0379,Tony Munoz MD,Male,30,Stevensfort
CUST0380,Christine Schultz,Male,65,East Brittany
CUST0381,Travis Moore,Female,35,Holderfurt
CUST0382,Donald Perez,Female,24,East Davidtown
CUST0383,Rachel Brown,Male,36,Smithville
CUST0384,Denise Johnson,Male,41,Port Ann
CUST0385,Jared Moreno,Male,37,East Jeremy
CUST0386,Shannon Lee,Male,63,South Melissamouth
CUST0387,Ashley Gonzales,Male,35,Patrickbury
CUST0388,Alejandro Young,Male,21,Williamsbury
CUST0389,Jerome Valdez,Female,62,Williamville
CUST0390,Michael Martinez,Male,58,Joseborough
CUST0391,Thomas Adams,Female,24,Lake Melissatown
CUST0392,Keith Thomas,Male,54,North Kimberly
CUST0393,Nicholas Mason,Female,48,Harrisport
CUST0394,Brandon Mahoney,Female,46,Gordonburgh
CUST0395,Randy Franco,Female,29,South Jason
CUST0396,Adrienne Hardy,Male,34,Aaronmouth
CUST0397,Theresa Mendoza,Female,25,Danielborough
CUST0398,Nathaniel Reed,Male,43,Kathleenfort
CUST0399,Matthew Carpenter,Female,22,New Claudia
CUST0400,Kevin Singh,Male,27,South Toni
CUST0401,Stephen Williams,Male,54,Knightfurt
CUST0402,Elizabeth Gray,Female,23,Port Jenniferton
CUST0403,Jill Jordan,Male,25,South Curtismouth
CUST0404,Valerie Zamora,Female,56,Haileystad
CUST0405,Mark Bradley,Male,51,West Valerie
CUST0406,Jeanette Lucas,Female,46,West Richardmouth
CUST0407,Stephanie Campos,Female,37,Lake Brandon
CUST0408,Michelle Hayes,Female,37,Lake Teresaville
CUST0409,Lisa Parrish,Male,57,Nelsonview
CUST0410,Holly Baker,Male,31,Mariaberg
CUST0411,Dennis Knapp,Male,34,Hodgeview
CUST0412,Jamie Miranda,Male,28,Lake Joseph
CUST0413,Matthew Hernandez,Male,29,West Johnmouth
CUST0414,Micheal Eaton,Male,28,North Mark
CUST0415,Margaret Olson,Male,44,Port Chad
CUST0416,Mrs. Kimberly Reynolds,Female,62,Laurafort
CUST0417,James Carroll,Female,36,Anthonybury
CUST0418,Katie Meyer,Male,32,Miguelmouth
CUST0419,Holly Taylor,Female,63,Barbaraland
CUST0420,Shawn Williams,Female,62,Nathanielton
CUST0421,Richard Schmidt,Female,22,Amandaside
CUST0422,Kevin Hinton,Male,34,Sandovalhaven
CUST0423,Bobby Williams,Male,45,Nancyburgh
CUST0424,Kenneth Greer,Male,52,Port Christophermouth
CUST0425,James Burke,Male,59,Cisnerosberg
CUST0426,Harry Medina,Male,35,Angieton
CUST0427,Christian Hardy,Male,22,Ginafort
CUST0428,Denise Warren,Male,28,West Samanthabury
CUST0429,Whitney Moore,Female,56,Harrishaven
CUST0430,David Avery,Female,46,Lake Tracy
CUST0431,Felicia Ramirez,Male,47,Huberton
CUST0432,Andrea Garcia,Female,62,Jennifermouth
CUST0433,Michael Stewart,Female,35,Burnettshire
CUST0434,Sarah Cain,Female,46,Smithshire
CUST0435,Zachary Tyler,Male,56,Bentonshire
CUST0436,Lindsey Hoffman DDS,Male,45,Allenmouth
CUST0437,Stacey Jones,Female,56,Brookeland
CUST0438,Christopher Baker,Female,19,Roachton
CUST0439,Paul Peterson,Male,32,Meganhaven
CUST0440,Kristine Scott,Male,61,Andersonberg
CUST0441,Taylor Murphy,Female,54,Teresaview
CUST0442,Eddie Santos Jr.,Male,29,South Kathleenland
CUST0443,Jonathan Vazquez,Female,51,North Michaelton
CUST0444,Jon Medina,Female,35,Petermouth
CUST0445,Shawn Vasquez,Male,55,Stewarthaven
CUST0446,Marie Davis,Female,58,West Jeffreytown
CUST0447,Samantha Reed,Female,23,South Kristopherton
CUST0448,Beth Gonzales,Female,40,South Jennifer
CUST0449,Alicia Clark,Female,39,Ashleyshire
CUST0450,Ryan Jones,Female,60,Port Nathan
CUST0451,Eric Carter,Male,28,Hicksport
CUST0452,Aaron Taylor,Female,44,Danielland
CUST0453,Mr. Christopher Benitez,Female,36,Port Brandi
CUST0454,Isabella Mcpherson,Female,53,New Christopherview
CUST0455,Brooke Diaz,Male,47,Lake Hayleymouth
CUST0456,Rebecca Singh,Male,38,Washingtonfurt
CUST0457,Autumn Miller,Female,38,East Cheryl
CUST0458,Brandi Johnson,Male,43,East Markstad
CUST0459,Ricardo Gonzalez,Male,60,Stevenshire
CUST0460,Robert West,Female,44,South John
CUST0461,Mary Little,Male,30,North Lancestad
CUST0462,Kayla Turner,Female,57,South Joycestad
CUST0463,Dr. Michael Christensen,Female,58,Staceymouth
CUST0464,Lindsey Griffin,Female,21,West Jeremy
CUST0465,Misty Sanders,Male,35,Jonathanhaven
CUST0466,Thomas Nelson,Male,36,Jonathanborough
CUST0467,James Vargas,Female,62,Cunninghamfort
CUST0468,Ryan Thomas,Female,25,Lake Brandon
CUST0469,Maxwell Perez,Male,58,West Stevenberg
CUST0470,Melissa Lee,Male,63,Port Kenneth
CUST0471,Alexander Howard,Male,37,North Alyssachester
CUST0472,Tonya Washington,Male,53,North Jeffrey
CUST0473,Keith Marshall,Female,23,South Johnny
CUST0474,Michael Mueller,Male,25,New Hannah
CUST0475,Scott Malone,Female,25,East Lucas
CUST0476,William Lindsey,Male,49,New Davidhaven
CUST0477,Benjamin Walters,Female,50,New Nancyborough
CUST0478,Kathleen Lawson,Female,44,Heathershire
CUST0479,Craig Hudson,Female,48,Lake Nathan
CUST0480,Kelli Tanner,Male,47,Melissaberg
CUST0481,Matthew Oneal,Male,42,Vanessashire
CUST0482,Rhonda Booker,Male,56,Mariaville
CUST0483,Lisa Ellis,Male,22,Lake Jennifer
CUST0484,Sabrina Rasmussen,Female,44,Port Robert
CUST0485,Leslie Gillespie,Female,50,Nicholasborough
CUST0486,Alexandra Phillips,Female,18,Mcneilbury
CUST0487,Wendy Dalton,Female,64,Darinville
CUST0488,Matthew Smith,Female,55,West Stephanie
CUST0489,Matthew Webster,Female,27,Garciaburgh
CUST0490,Lindsey Brown,Female,52,North Elizabethport
CUST0491,David Estrada,Female,40,Williamsmouth
CUST0492,Jackson Johnson,Female,53,Cynthiaberg
CUST0493,Devin Willis,Female,47,South Crystal
CUST0494,Paul Mercer,Female,30,Port Joshuatown
CUST0495,Anthony Booth,Male,54,North Jose
CUST0496,Jessica Jackson,Female,32,Lake Zachary
CUST0497,Laurie Morrison,Female,20,Nataliemouth
CUST0498,John Mcintosh,Female,65,North Edward
CUST0499,April Cardenas,Female,63,Cohenton
CUST0500,Amber Shaw,Female,42,Shannonmouth
CUST0501,Deborah Thomas,Male,49,New Joshua
CUST0502,Meghan Chung,Male,26,Lake Kevinchester
CUST0503,Bryan Scott,Female,24,Baldwinchester
CUST0504,Natalie Campbell,Female,24,Melendezside
CUST0505,Melissa Bates,Female,18,Amyfurt
CUST0506,Kimberly Bray,Male,44,Mayerberg
CUST0507,Laura Gutierrez,Male,22,Port Loriville
CUST0508,Brendan Villegas,Female,34,Lake Tammy
CUST0509,Brandon Graham,Female,57,Blankenshipburgh
CUST0510,Timothy Hall,Female,59,West Robert
CUST0511,Brett Gomez,Male,39,North Shawnborough
CUST0512,Kimberly White,Female,38,South Alex
CUST0513,Emily Smith,Female,52,New Erin
CUST0514,Shelby Bright,Male,57,New Bethhaven
CUST0515,Sydney Moran,Male,33,Torreston
CUST0516,Jasmin Lee,Female,32,Andretown
CUST0517,Jordan Morales,Male,45,Hardingview
CUST0518,Cindy Sanchez,Male,58,Scottville
CUST0519,Stacey Henry,Male,46,Joshuashire
CUST0520,Timothy Greene,Male,62,Danielmouth
CUST0521,Robert Scott,Female,19,Davidchester
CUST0522,Curtis Norman,Male,38,Bonillaborough
CUST0523,Anna Hines,Male,36,North Johnville
CUST0524,Ryan Jones,Female,41,Nunezburgh
CUST0525,Brandy Barajas,Female,27,Hodgetown
CUST0526,Ronald Martin,Male,51,East Paula
CUST0527,Anthony Davenport,Female,54,North Martinmouth
CUST0528,Ashley Mcmillan,Male,28,Jessicaland
CUST0529,Christina Keller,Male,23,Tomton
CUST0530,Richard Garcia,Female,57,West Tiffanyfort
CUST0531,Dr. Rebecca Lewis,Male,49,Port Natalie
CUST0532,Mary Brown,Male,32,Meganport
CUST0533,Robert Smith,Female,58,New Garytown
CUST0534,Roy Ochoa,Female,47,Meyerchester
CUST0535,Jessica Thompson,Female,60,Thomasbury
CUST0536,Dr. Valerie Allen,Male,47,Port Richardberg
CUST0537,Christopher Vargas,Female,61,North Jessica
CUST0538,Michael Mejia,Male,22,Port Williamport
CUST0539,Joseph Dillon,Female,40,Hornborough
CUST0540,Nicholas Proctor,Female,58,East Raven
CUST0541,Jennifer Ramirez MD,Female,62,North Juliestad
CUST0542,Andrew Holmes,Female,47,Williamberg
CUST0543,Linda Abbott,Female,30,North Jane
CUST0544,Michael Lam,Female,48,Ethanview
CUST0545,Austin Howard,Male,33,Dudleyland
CUST0546,Kara Gordon,Female,54,West Tonyaton
CUST0547,Blake Spencer,Female,54,Danielmouth
CUST0548,William Clark,Female,62,Lake Matthewville
CUST0549,Mark Solomon,Female,19,Sanchezfort
CUST0550,Mason Arnold,Female,35,Lake Kevinmouth
CUST0551,Natalie Sampson,Male,54,Gilbertborough
CUST0552,Rebecca Thomas,Male,56,New Sarahberg
CUST0553,Amber Allen,Female,36,South Aaronton
CUST0554,Amy Jones,Male,56,Washingtonport
CUST0555,John Kelly,Female,32,Port Teresashire
CUST0556,Bradley Richardson,Male,57,South Katherine
CUST0557,Kristine Robles,Female,61,Rittershire
CUST0558,Jorge Wood,Male,58,Dawnborough
CUST0559,Robert Patterson,Male,58,Port Leahhaven
CUST0560,Albert Fischer,Male,37,Christinefort
CUST0561,Bryce Nelson,Female,20,North Anthony
CUST0562,Melissa Donaldson,Female,64,Robinchester
CUST0563,Stephanie Byrd,Male,23,South Christopherstad
CUST0564,Erika Frye,Female,38,Timothyport
CUST0565,Alicia Peterson,Female,29,Lake Jacquelineborough
CUST0566,Bruce Medina,Male,26,East Katherineberg
CUST0567,Jacob Gibson,Female,51,Georgeside
CUST0568,Sara Vasquez,Female,28,Jessechester
CUST0569,James Turner,Female,48,Amyburgh
CUST0570,Michael Adams,Female,65,Lake Richard
CUST0571,Samantha Strong,Female,25,Lake Andreaberg
CUST0572,Whitney Reynolds,Female,22,Dudleyburgh
CUST0573,Carrie Wright,Male,32,West Tylerside
CUST0574,James King,Female,53,New Jennifer
CUST0575,Carolyn Carpenter,Female,23,Velezburgh
CUST0576,Peter Smith,Female,18,Port Stephaniehaven
CUST0577,Rhonda Howe,Female,52,Pageview
CUST0578,Wendy Brooks,Male,47,West Valeriestad
CUST0579,Brian Hoffman,Female,61,South Brianton
CUST0580,Dana Foster,Female,55,Michaelburgh
CUST0581,Nicole Sandoval,Female,58,Edwinshire
CUST0582,Catherine Logan,Female,24,North Amy
CUST0583,Noah Perez,Male,48,Johnsonfort
CUST0584,Amber Henderson,Male,57,Lake James
CUST0585,Megan Williams,Female,57,New Katiebury
CUST0586,Mary Wells,Male,59,South Jeffreymouth
CUST0587,Jacqueline Rose,Male,58,Port Barbara
CUST0588,Shannon Turner,Female,62,South Jennifermouth
CUST0589,Duane Wagner,Female,59,Michelleborough
CUST0590,Kelly Blake,Female,25,Lake Lindaport
CUST0591,Kenneth Thompson,Male,20,West Jason
CUST0592,Stephanie Charles,Male,37,Wellston
CUST0593,Amy Allen,Female,25,Dustinton
CUST0594,James Wright,Male,33,Davidton
CUST0595,Jesse Manning,Male,42,Harrellfort
CUST0596,Wendy Mccarty,Female,41,Yangshire
CUST0597,Joseph Hoffman,Female,55,Jamesberg
CUST0598,John Robinson,Male,44,Lisaburgh
CUST0599,Albert Johnson,Male,49,East Gloriaville
CUST0600,Alexandria Pittman,Female,35,Lake Lorrainefurt
CUST0601,Leah Ward DDS,Male,62,Williamschester
CUST0602,Charles Strickland,Female,31,Maryton
CUST0603,Dr. Tyler Harrison DVM,Female,46,North Nicoleland
CUST0604,Nicole Roberson,Male,41,South Susanland
CUST0605,Karen Jacobs,Male,61,Michaelborough
CUST0606,Darrell Dyer,Female,52,Wrightstad
CUST0607,Dr. Brandon Hall DDS,Female,21,West Danielburgh
CUST0608,Devon Vega,Female,35,Seanstad
CUST0609,John Rowe,Male,25,North Alexandra
CUST0610,Erik Ruiz,Female,23,West Eddie
CUST0611,Christine Mendoza MD,Male,59,New John
CUST0612,Dustin Wright,Male,21,Murillohaven
CUST0613,Sara Li,Female,33,Charlesmouth
CUST0614,Daniel Miller,Male,54,Jessicatown
CUST0615,Joseph Williams,Male,22,Chenfurt
CUST0616,Dr. Reginald Davis DDS,Male,55,Caitlinmouth
CUST0617,Michael Williams,Male,32,South Joel
CUST0618,Taylor Price,Female,27,Jenniferbury
CUST0619,Lisa Jones,Male,35,New Tracyfort
CUST0620,Justin Jones,Male,26,Ramirezmouth
CUST0621,Yvette Hodges,Female,29,Briannamouth
CUST0622,Cathy Hughes,Male,60,Martinville
CUST0623,Deborah Lee,Male,26,Lake Jacobmouth
CUST0624,Megan Taylor,Male,40,Dustinside
CUST0625,Heather Stevens,Male,55,Mitchellfort
CUST0626,Nicole Miller,Female,19,Danaside
CUST0627,Brandon Garza,Male,34,Lake Autumnport
CUST0628,Carol Obrien,Male,26,Port Kayla
CUST0629,Randy Farley,Female,51,Lake Michelle
CUST0630,Allison Hall,Male,65,Robertsshire
CUST0631,Karen Stein,Male,48,Reidmouth
CUST0632,Travis Mueller,Female,41,Saraberg
CUST0633,Edwin Carter,Male,46,North Melissafurt
CUST0634,Jacob Woods,Male,57,Davisport
CUST0635,Eric Stephenson,Male,64,Gambleburgh
CUST0636,Lauren Miller,Female,47,Lake Amyfort
CUST0637,Diane Bradley,Male,21,Port Susantown
CUST0638,Paul Smith,Female,43,Clarkeburgh
CUST0639,Jeffrey Sanchez,Female,61,West Kevinberg
CUST0640,Susan Campbell,Male,49,South Elizabeth
CUST0641,Hunter Wood,Female,22,New Marcusport
CUST0642,Nicolas Palmer,Male,38,Richardland
CUST0643,Joyce Lee,Male,22,West David
CUST0644,Antonio Waller,Male,35,Carmenview
CUST0645,Curtis Reid,Female,42,Jesusberg
CUST0646,Mark Jacobson,Female,47,Port Yeseniaside
CUST0647,Sarah Morris,Female,24,Skinnershire
CUST0648,Alice Nelson,Male,59,Millerton
CUST0649,Thomas Johnston DVM,Male,45,Andreatown
CUST0650,Matthew Williams,Female,32,Port Zacharyview
CUST0651,Nancy Pham,Female,39,Aaronshire
CUST0652,Christy Ochoa,Female,43,New Sharonside
CUST0653,Cathy Lewis,Female,64,Fraziermouth
CUST0654,Christina Foster,Male,38,Port Desireebury
CUST0655,Audrey Henderson,Female,38,Port Hollymouth
CUST0656,Tamara Fox MD,Female,41,New John
CUST0657,Beth Caldwell,Male,61,North Helenmouth
CUST0658,Diana Scott,Female,22,New Mitchell
CUST0659,Amber Ramos,Male,23,New Timothyfort
CUST0660,James Grant MD,Male,45,Lake Sarah
CUST0661,Daniel Allen,Male,65,Zimmermanbury
CUST0662,John Potts,Female,26,West Kelly
CUST0663,Tanner Curry,Male,55,Lake Janethaven
CUST0664,Deborah Solis,Female,60,Gonzalezburgh
CUST0665,Hector Evans,Male,44,North Daniellefurt
CUST0666,Stephanie Thomas,Female,60,West Danny
CUST0667,Teresa Leonard,Female,64,Reneemouth
CUST0668,David Travis,Male,36,North Kristenhaven
CUST0669,Gary Vazquez,Female,40,Christinetown
CUST0670,Sean Hendricks,Male,54,New Gracestad
CUST0671,Michael Sawyer,Male,27,New Danny
CUST0672,Kyle Norman,Female,32,New Kevin
CUST0673,Devon Griffith,Male,40,Hernandezville
CUST0674,Leslie Flores,Female,25,South Dawnland
CUST0675,Susan Pace,Female,54,Halefurt
CUST0676,Marissa Wheeler,Male,45,West Kevin
CUST0677,Bobby Jones,Male,56,West Amberton
CUST0678,Danielle Wu,Female,19,Port Christophershire
CUST0679,Michele Carpenter,Male,35,North Barbaraville
CUST0680,David Bernard,Female,39,Lake Mitchellfort
CUST0681,Amanda Gutierrez,Female,18,Hartview
CUST0682,Melissa Martin,Male,27,Port James
CUST0683,Chad Barr,Female,22,Catherineport
CUST0684,Tracy Johnson,Male,65,Johnsonmouth
CUST0685,Jessica Diaz,Male,23,Lake Shaneberg
CUST0686,Susan Tran,Male,42,Carriemouth
CUST0687,James Walker,Female,47,New Patricia
CUST0688,Adam Shelton,Female,28,Daniellehaven
CUST0689,Cindy Maynard,Female,37,North Holly
CUST0690,Michael Randall,Female,54,Patelmouth
CUST0691,Nicholas Lee,Male,21,East Jamesview
CUST0692,Tyler Floyd,Male,28,Paynebury
CUST0693,Brian Johnson,Male,61,Carterville
CUST0694,Heather Roman,Male,35,South Sheila
CUST0695,Melissa Parker,Female,60,South George
CUST0696,Anna Burns,Female,49,East Catherine
CUST0697,Amber Stephens,Female,44,East Geraldhaven
CUST0698,Vanessa Yu,Female,31,West Krista
CUST0699,Mark Hall,Male,40,Shepherdhaven
CUST0700,Tracy White,Female,25,Lake Elizabethchester
CUST0701,William Gomez,Female,61,Mitchellmouth
CUST0702,Elizabeth Schroeder,Female,51,Tammyview
CUST0703,Richard Parker,Female,20,South Jason
CUST0704,Joseph Bryan,Male,43,Davidland
CUST0705,April Wolfe,Male,18,Brandyton
CUST0706,Molly Rhodes,Male,37,Erinport
CUST0707,Lacey Burke,Male,26,Joanshire
CUST0708,Pamela Johnson,Female,36,West Antoniomouth
CUST0709,Brian Underwood,Female,25,Mahoneyshire
CUST0710,Shawn Lewis,Male,49,West Jimmy
CUST0711,Courtney Henderson,Female,29,West Rachel
CUST0712,Christina Cruz,Male,42,Keithland
CUST0713,Nicole Mcdonald,Male,50,East Danielleton
CUST0714,Elizabeth Smith,Female,22,Carolmouth
CUST0715,Ian Dean,Female,65,East Melissa
CUST0716,Rebecca Pitts,Male,45,South Zacharytown
CUST0717,Susan Fisher,Male,47,West Latasha
CUST0718,Jonathan Perkins,Male,38,Jasonhaven
CUST0719,Zachary Anderson,Female,54,Paigeborough
CUST0720,Christopher Fletcher,Female,63,Jessicaborough
CUST0721,Karen Garcia,Female,36,Wilkinsmouth
CUST0722,Matthew Mooney,Male,43,West Ericaton
CUST0723,Robert Richard,Male,38,South Deanna
CUST0724,Jonathan Williams,Male,57,Bryantfurt
CUST0725,Carla Buckley,Female,62,Brianstad
CUST0726,Alexandra White,Female,23,Mullinsborough
CUST0727,Michele Todd,Female,24,Port Jonathon
CUST0728,Rachel Conrad,Male,45,Denisefort
CUST0729,Heather Macias,Female,51,Nathanland
CUST0730,Andre Dunn,Male,43,Nguyenshire
CUST0731,Brenda Ruiz,Female,65,Jamiefurt
CUST0732,Jordan Adams,Female,32,Beckymouth
CUST0733,Kimberly Brown,Female,28,Howardview
CUST0734,Teresa Novak,Male,50,Doyleside
CUST0735,Mrs. Anna Gibbs DVM,Male,51,New Diane
CUST0736,James Roberts,Male,40,North Jason
CUST0737,Matthew Martin,Female,64,Lake Barbara
CUST0738,Denise Cole,Male,33,Peterburgh
CUST0739,Michael Guzman,Male,27,Cherylfurt
CUST0740,Michael Snow,Female,30,South Caitlin
CUST0741,James Sampson,Male,56,East Katherinemouth
CUST0742,William Johnson,Male,59,Wendymouth
CUST0743,Joseph Ortiz,Male,29,Crawfordburgh
CUST0744,Sean Moyer,Female,47,Port Bryan
CUST0745,Lawrence Lewis,Female,61,Patriciaside
CUST0746,Laura Parker,Female,58,South Maryfort
CUST0747,Melissa Williams,Female,27,Perezberg
CUST0748,William Crane,Female,22,East Catherineshire
CUST0749,John Gonzalez,Female,46,Susanshire
CUST0750,Barry Gray,Female,35,New Jeffery
CUST0751,Krista Montgomery,Male,40,East Carrieview
CUST0752,Shelby Schroeder,Male,37,Danielleport
CUST0753,Brittany Newton,Female,46,Evansfurt
CUST0754,Sandra Webb,Male,21,Mendozashire
CUST0755,Tracy Thornton,Female,36,Hamiltonmouth
CUST0756,Rachel Ochoa,Male,59,Harrellmouth
CUST0757,Sheila Ross,Male,57,Gardnerhaven
CUST0758,Emily Fernandez,Female,47,New Clintonhaven
CUST0759,Kathleen Walker,Male,46,West Nancyside
CUST0760,Felicia Hardin,Male,38,Andreahaven
CUST0761,Meghan Snyder,Female,50,Stewartville
CUST0762,Christine Griffin,Male,21,South Crystal
CUST0763,Daniel Williams,Female,24,South Whitney
CUST0764,Jill Calderon,Female,63,Zacharychester
CUST0765,Alexandria Caldwell,Male,50,Lake William
CUST0766,Joshua Foster,Male,20,North Lisaview
CUST0767,Dustin Davis,Male,63,Ronaldmouth
CUST0768,Raymond Arnold,Female,46,East Kyle
CUST0769,Taylor Roberts,Male,41,Danielton
CUST0770,Heather Gallegos,Female,36,East Tamara
CUST0771,Deborah Young,Female,44,North Robert
CUST0772,Raven Figueroa,Female,61,Jilltown
CUST0773,Anthony Lee,Male,58,Lake Jennifer
CUST0774,James Nielsen,Female,22,Reyesland
CUST0775,Christine Torres,Female,24,West Christianstad
CUST0776,Jonathon Harper,Female,36,Natalietown
CUST0777,Mark Murphy,Female,64,Stephenmouth
CUST0778,Laura Scott,Male,39,East Joshuaport
CUST0779,Mark Gray,Male,55,Barkerhaven
CUST0780,Amanda Ferguson,Male,40,Juliaberg
CUST0781,Terry Arias,Female,59,Perezhaven
CUST0782,Michael Harmon,Female,26,West Eric
CUST0783,Tiffany Wood,Male,37,West Sarah
CUST0784,Deborah Ramsey,Female,59,Cindyborough
CUST0785,Barbara Scott,Female,26,East Catherine
CUST0786,Cynthia Lee,Male,59,West Walter
CUST0787,Dylan Romero,Female,50,North Stephanieview
CUST0788,Randy Hill,Female,19,South Albertborough
CUST0789,Mrs. Janice Hawkins,Female,37,Woodardbury
CUST0790,Matthew Cole,Male,31,Heathermouth
CUST0791,Antonio Cobb,Female,49,Meyerborough
CUST0792,Sarah Walton,Male,32,Lake Jane
CUST0793,Robert Bishop,Male,27,Andersentown
CUST0794,Jonathan Blevins,Male,36,Hallstad
CUST0795,Jennifer Rosales,Male,50,New Jameshaven
CUST0796,Amber King,Male,60,West Williamport
CUST0797,David Park,Female,57,East Michaelburgh
CUST0798,David Mcguire,Male,56,Port Ryan
CUST0799,Jillian Cummings,Female,27,West Katrina
CUST0800,Andre Oliver,Male,29,Ronaldland
CUST0801,Benjamin Branch,Male,64,Simmonsfort
CUST0802,Theresa May,Female,20,New Ronaldmouth
CUST0803,Andrew Simmons,Female,41,Josephland
CUST0804,Cody Rivera,Male,46,Marshallport
CUST0805,Charles Garcia,Female,65,Kingshire
CUST0806,Austin Morris,Female,32,Port Matthewville
CUST0807,Amanda Oneill,Male,37,East Nancy
CUST0808,Rebecca Andrews,Female,30,Port Scott
CUST0809,Jennifer Powell,Female,61,Port Nathan
CUST0810,Joseph Jordan,Female,47,Jadefurt
CUST0811,Sara Henry DVM,Female,42,North Mariaton
CUST0812,Mark Henderson,Female,28,Stephenburgh
CUST0813,Patty Keith,Male,56,Jessicatown
CUST0814,Mr. James Tucker,Male,34,New Stephanietown
CUST0815,Melissa White,Male,59,Wilsonfort
CUST0816,Sally Reed,Female,41,Kevinville
CUST0817,Jeffery Estes,Male,63,West Johnstad
CUST0818,Devon Lopez,Male,36,New Keith
CUST0819,Anthony Ball,Male,28,Cardenasbury
CUST0820,Joseph Jones,Female,46,Lake Michelleland
CUST0821,Patrick Donovan,Male,45,Lukeshire
CUST0822,Toni Flores,Male,32,Craigstad
CUST0823,Andre Smith,Female,40,Tammyhaven
CUST0824,Brandy Mueller,Male,44,Lake Brandifurt
CUST0825,Heidi Clark,Male,43,Danieltown
CUST0826,Andre Floyd,Female,33,Jessicamouth
CUST0827,Tara Fisher,Female,23,Wayneberg
CUST0828,William Black,Female,32,South Sandrahaven
CUST0829,Roy Wright,Male,38,Juliehaven
CUST0830,Alice Cohen,Male,63,Westside
CUST0831,Deborah Lawrence,Female,27,New Dustin
CUST0832,Alicia Rodriguez,Male,20,North Erin
CUST0833,Lance White,Female,48,Phyllisfurt
CUST0834,Michael Brady,Male,63,Christinefurt
CUST0835,James Baker,Female,46,West Tracy
CUST0836,Lisa Young,Male,23,Port Jacobmouth
CUST0837,Benjamin Suarez,Male,34,West Mario
CUST0838,Justin Clark,Male,27,Port Craig
CUST0839,Christopher Huff,Female,25,North Lisa
CUST0840,Joshua Bell,Female,33,Lisaberg
CUST0841,Brett Vasquez,Female,25,Port Brettmouth
CUST0842,Kathy Johnson,Male,33,Morristown
CUST0843,Bryan Fuller,Female,58,Caitlynfurt
CUST0844,Clinton Flynn,Female,22,Rileyside
CUST0845,Todd Andrews,Male,49,New Deniseborough
CUST0846,Miss Emily White DDS,Male,58,Lake Sylvia
CUST0847,Timothy Brock,Male,63,Jonesville
CUST0848,Derek Harris,Male,36,Lake Patricia
CUST0849,Gregory Morgan,Female,18,Mejiaborough
CUST0850,Laura Delacruz,Female,33,Kathrynshire
CUST0851,Sandra Wilson,Female,29,South Micheleview
CUST0852,Dennis Henry,Male,51,New Lawrencetown
CUST0853,Daniel Pruitt,Female,22,Greenside
CUST0854,Mitchell Schmidt,Male,42,Samuelstad
CUST0855,Alison Hawkins,Female,20,West William
CUST0856,Adam Henderson,Female,41,West Garyfort
CUST0857,Cassandra Cox,Female,65,West Angela
CUST0858,David Rice,Male,40,North Josephfurt
CUST0859,Dana Ponce,Male,40,Brownshire
CUST0860,Vanessa Gonzales,Male,64,South Joshuafurt
CUST0861,Jason Park,Male,55,Gregorychester
CUST0862,Ronald Campbell,Female,26,Scottbury
CUST0863,Chase Brandt,Male,40,South Helenborough
CUST0864,Dr. Eric Strickland DDS,Female,59,Lake Amandachester
CUST0865,Justin Anderson,Male,61,Parkerchester
CUST0866,Sergio Fernandez,Female,62,Salinasfurt
CUST0867,Amy Thomas,Female,58,Brownfurt
CUST0868,Arthur Brady,Male,26,Lake Donna
CUST0869,Elizabeth Payne,Male,63,South Jenny
CUST0870,Timothy Richardson,Female,20,Katherineville
CUST0871,Chad Campbell,Female,30,Lake Matthewfort
CUST0872,Robin Roman,Male,30,Sheltontown
CUST0873,Stephen Barnes,Male,38,North Andrew
CUST0874,Shari Alexander,Female,50,East Thomasland
CUST0875,Lauren Davis,Female,52,Carlview
CUST0876,Travis Riley,Female,34,East Tracy
CUST0877,Alexander Allen,Male,59,Yolandamouth
CUST0878,Kristin Gonzalez,Male,36,Wardport
CUST0879,Caitlin Rios,Female,21,Schultzton
CUST0880,Juan Rivera II,Female,35,New Bradley
CUST0881,Michael Saunders,Male,41,Micheleshire
CUST0882,Troy Taylor,Female,43,Jimenezton
CUST0883,Shane Cowan,Female,42,Rodriguezburgh
CUST0884,Rodney Murray,Female,29,New Matthewville
CUST0885,Mary Olson,Female,62,Wallaceville
CUST0886,Christopher Stevenson,Female,41,New Melissatown
CUST0887,Andrew Lawrence,Female,23,Sanchezview
CUST0888,Brandi Holland,Female,23,Teresafurt
CUST0889,Daniel Moore,Female,56,New Adam
CUST0890,Richard Clark,Male,52,Mooreside
CUST0891,Scott Lopez,Female,38,Christopherfort
CUST0892,Andrea Kelley,Male,23,Kariside
CUST0893,Crystal Williams MD,Female,60,Emilystad
CUST0894,Paul Weiss,Female,37,Davidview
CUST0895,Charles Villarreal,Female,56,Williston
CUST0896,Anita Norris,Female,28,Royland
CUST0897,Samantha Travis,Female,40,Sheltonport
CUST0898,Tommy Adams,Female,20,Davidbury
CUST0899,Kristen Gallagher,Female,57,New Catherine
CUST0900,Juan Leonard,Female,35,West Robert
CUST0901,Matthew Carter,Male,22,Barberfurt
CUST0902,Peter Jones,Female,41,Sarahaven
CUST0903,Michele Moore,Male,19,South Cameronberg
CUST0904,Tyler Bates,Male,56,New Luis
CUST0905,Allison Norris,Female,20,Port Justinland
CUST0906,Ashley Howard,Male,22,Amandabury
CUST0907,Mr. Eric Owens,Male,59,North Amyborough
CUST0908,Jason Wallace,Female,41,Garciaberg
CUST0909,Michaela Blair,Female,54,Wadefurt
CUST0910,Erika Kelly,Male,56,Ronaldfort
CUST0911,Kimberly Salazar,Male,61,Sanchezbury
CUST0912,Jeffrey Davis,Female,41,North Stacyton
CUST0913,Karina Wright,Female,46,West Jacobchester
CUST0914,Charles Porter,Male,54,Lake Charlesburgh
CUST0915,Dustin Carroll,Male,51,Mcdonaldstad
CUST0916,Danielle Duffy,Female,43,Knightmouth
CUST0917,Kevin Patterson,Female,59,New Leon
CUST0918,Tiffany Burns,Female,33,Davidmouth
CUST0919,Barbara Yates,Male,19,Robertport
CUST0920,John Jones,Male,49,Mathewborough
CUST0921,Mark Graham,Female,53,Colefurt
CUST0922,Jeanette Vazquez,Male,34,Gomezborough
CUST0923,Lee Gutierrez,Female,63,New Ashleychester
CUST0924,Mrs. Lisa Ramsey MD,Female,31,South April
CUST0925,Nicholas Stewart,Female,62,Nicholaschester
CUST0926,Allison Barnett,Female,30,Allenton
CUST0927,Jeanette Brown DDS,Male,26,Port Robertborough
CUST0928,Jason Gutierrez,Male,46,Palmerland
CUST0929,Benjamin Williams,Male,63,East William
CUST0930,Alexis Spears,Female,23,Andersonfort
CUST0931,Anthony Wells,Female,60,New Richard
CUST0932,Natalie Lewis,Female,63,North Jill
CUST0933,Leah Smith,Male,53,Port Jeffrey
CUST0934,Melanie Taylor,Female,37,South Anna
CUST0935,Jeremy Russell,Male,63,Andreahaven
CUST0936,Alexander Klein,Male,41,Mcdonaldborough
CUST0937,Catherine Rogers,Male,25,Francoville
CUST0938,David Johnson,Male,26,New Michaelview
CUST0939,Lisa Kent,Male,49,South Donald
CUST0940,Shannon Carpenter,Male,41,Lake Nicoleburgh
CUST0941,Brandon Robinson,Female,47,Michaelstad
CUST0942,Kimberly Evans,Male,57,Smithmouth
CUST0943,Angel Williams,Male,22,West Jill
CUST0944,Luis Clark,Female,43,Guzmanmouth
CUST0945,Andrea Wright,Female,51,Victormouth
CUST0946,Jonathon Villanueva,Female,44,West Bradleymouth
CUST0947,Jessica Velazquez,Male,26,Conradhaven
CUST0948,Kelsey King,Female,59,Bowenside
CUST0949,Jeff James,Male,46,South Joanna
CUST0950,Barbara Joseph,Female,61,Port Rodney
CUST0951,Richard Morris,Female,26,South Samanthaside
CUST0952,Cindy Jones,Male,26,Julieburgh
CUST0953,Jerome Moody,Female,50,Davidtown
CUST0954,Matthew Aguilar,Male,25,South Toddchester
CUST0955,Rachel Lopez,Male,37,South Alice
CUST0956,Mr. William White V,Male,28,South Lisa
CUST0957,Sylvia Anderson,Female,63,Travischester
CUST0958,David Gray,Male,40,Ramirezburgh
CUST0959,Denise Reyes,Female,23,North Donna
CUST0960,Amber Young,Female,30,Port Heathermouth
CUST0961,Jacob Rogers,Female,26,Port Michael
CUST0962,Melanie Hendricks,Female,57,Smithmouth
CUST0963,Kristin Chen,Male,50,New Teresahaven
CUST0964,Desiree Pierce,Male,55,East Brianburgh
CUST0965,Catherine Chambers,Male,28,Rojasview
CUST0966,Cynthia Oneill,Female,54,North Julia
CUST0967,Tracy Parks,Male,19,Daisyfurt
CUST0968,Miss Kimberly Jenkins,Male,20,Clarkhaven
CUST0969,Sara Baldwin,Female,59,Castilloburgh
CUST0970,Michael Solis,Male,54,Josephland
CUST0971,Kyle Anderson,Female,57,Deniseberg
CUST0972,Manuel Davis,Male,49,West Nicole
CUST0973,Kimberly Patterson,Female,59,West Elizabethton
CUST0974,Alexa Ortiz,Female,48,East Bryanview
CUST0975,Kevin Green,Male,61,Port Danielville
CUST0976,Brian Miller,Female,37,Brownmouth
CUST0977,Christina Brandt,Female,22,Michaelfort
CUST0978,Charles Horton,Male,28,Port Marytown
CUST0979,Billy Spencer,Female,44,Wilsonhaven
CUST0980,Nicholas Norman,Female,47,Mathisside
CUST0981,Gail Weber,Male,39,Jessicaside
CUST0982,Charles Ford,Male,38,Gardnerfurt
CUST0983,Adrian Eaton,Female,64,Nicolefurt
CUST0984,Angelica Lopez,Female,43,Lake Christopherchester
CUST0985,Justin Tanner,Male,41,Rasmussenmouth
CUST0986,Caleb Torres,Male,38,Lake Sharon
CUST0987,Tony Gardner,Male,47,Port Lee
CUST0988,Joel Keller,Male,35,South Rebecca
CUST0989,Kelly Martin,Female,33,Mcphersonburgh
CUST0990,Margaret Martinez,Male,24,Ashleyfurt
CUST0991,Rebekah Atkinson,Male,36,Jacobsshire
CUST0992,John King,Female,57,Sheilashire
CUST0993,Jesse Church,Female,33,Adamland
CUST0994,Rebecca Christian,Male,38,Lake Matthewview
CUST0995,Shelly Haynes,Female,30,Averyberg
CUST0996,Ashley Moran,Male,49,East Amyton
CUST0997,Michael Jones,Female,49,Haynesside
CUST0998,Danielle Nelson,Female,49,Hallshire
CUST0999,Jack Hickman,Male,23,Perezborough
CUST1000,Tracey Sosa,Female,50,Medinamouth
